{"aAcc": 84.77, "mIoU": 54.68, "mAcc": 68.5, "data_time": 0.004919028759002685, "time": 0.24519604897499084}